config_name,run_index,final_status,total_attempts,pivot_count,ranking_order,candidates_processed
gap2_threshold_1,0,SUCCESS,2,2,TH1-FAIL-A|TH1-SUCCESS,TH1-FAIL-A|TH1-SUCCESS
gap2_threshold_1,1,SUCCESS,2,2,TH1-FAIL-A|TH1-SUCCESS,TH1-FAIL-A|TH1-SUCCESS
gap2_threshold_1,2,SUCCESS,2,2,TH1-FAIL-A|TH1-SUCCESS,TH1-FAIL-A|TH1-SUCCESS
gap2_threshold_2,0,COMPLETED,5,4,TH2-FAIL-A|TH2-SUCCESS|TH2-FAIL-B,TH2-FAIL-A|TH2-SUCCESS|TH2-FAIL-B
gap2_threshold_2,1,COMPLETED,5,4,TH2-FAIL-A|TH2-SUCCESS|TH2-FAIL-B,TH2-FAIL-A|TH2-SUCCESS|TH2-FAIL-B
gap2_threshold_2,2,COMPLETED,5,4,TH2-FAIL-A|TH2-SUCCESS|TH2-FAIL-B,TH2-FAIL-A|TH2-SUCCESS|TH2-FAIL-B
gap2_threshold_3,0,SUCCESS,7,4,TH3-FAIL-A|TH3-FAIL-B|TH3-SUCCESS,TH3-FAIL-A|TH3-FAIL-B|TH3-SUCCESS
gap2_threshold_3,1,SUCCESS,7,4,TH3-FAIL-A|TH3-FAIL-B|TH3-SUCCESS,TH3-FAIL-A|TH3-FAIL-B|TH3-SUCCESS
gap2_threshold_3,2,SUCCESS,7,4,TH3-FAIL-A|TH3-FAIL-B|TH3-SUCCESS,TH3-FAIL-A|TH3-FAIL-B|TH3-SUCCESS
gap2_all_fail,0,COMPLETED,6,5,AF-1|AF-2|AF-3,AF-1|AF-2|AF-3
gap2_all_fail,1,COMPLETED,6,5,AF-1|AF-2|AF-3,AF-1|AF-2|AF-3
gap2_all_fail,2,COMPLETED,6,5,AF-1|AF-2|AF-3,AF-1|AF-2|AF-3
gap2_immediate_success,0,SUCCESS,2,1,IS-1|IS-2,IS-1|IS-2
gap2_immediate_success,1,SUCCESS,2,1,IS-1|IS-2,IS-1|IS-2
gap2_immediate_success,2,SUCCESS,2,1,IS-1|IS-2,IS-1|IS-2
gap1_ai_informed_ranking,0,SUCCESS,5,4,AI-RANK-FAIL-1|AI-RANK-FAIL-2|AI-RANK-SUCCESS,AI-RANK-FAIL-1|AI-RANK-FAIL-2|AI-RANK-SUCCESS
gap1_ai_informed_ranking,1,SUCCESS,5,4,AI-RANK-FAIL-1|AI-RANK-FAIL-2|AI-RANK-SUCCESS,AI-RANK-FAIL-1|AI-RANK-FAIL-2|AI-RANK-SUCCESS
gap1_ai_informed_ranking,2,SUCCESS,5,4,AI-RANK-FAIL-1|AI-RANK-FAIL-2|AI-RANK-SUCCESS,AI-RANK-FAIL-1|AI-RANK-FAIL-2|AI-RANK-SUCCESS
