experiment,step,candidate_id,outcome,detail
gap1_ranking_effect,1,MED-PROB-SUCCESS,SUCCESS,simulated(ground_truth)
gap1_ranking_effect,2,HIGH-PROB-FAIL,FAIL_TIMEOUT,simulated(ground_truth)
gap1_ranking_effect,3,HIGH-PROB-FAIL,FAIL_TIMEOUT,simulated(ground_truth)
gap1_ranking_effect,4,LOW-PROB-FAIL,FAIL_TIMEOUT,simulated(ground_truth)
gap1_ranking_effect,5,LOW-PROB-FAIL,FAIL_TIMEOUT,simulated(ground_truth)
gap1_inversion,1,CAND-B,SUCCESS,simulated(ground_truth)
gap1_inversion,2,CAND-A,FAIL_TIMEOUT,simulated(ground_truth)
gap1_inversion,3,CAND-A,FAIL_TIMEOUT,simulated(ground_truth)
gap1_all_success,1,SUCCESS-A,SUCCESS,simulated(ground_truth)
gap1_all_success,2,SUCCESS-B,SUCCESS,simulated(ground_truth)
gap2_threshold_1,1,TH1-FAIL,FAIL_TIMEOUT,simulated(ground_truth)
gap2_threshold_1,2,TH1-SUCCESS,SUCCESS,simulated(ground_truth)
gap2_threshold_2,1,TH2-FAIL,FAIL_TIMEOUT,simulated(ground_truth)
gap2_threshold_2,2,TH2-FAIL,FAIL_TIMEOUT,simulated(ground_truth)
gap2_threshold_2,3,TH2-SUCCESS,SUCCESS,simulated(ground_truth)
gap2_threshold_3,1,TH3-FAIL,FAIL_TIMEOUT,simulated(ground_truth)
gap2_threshold_3,2,TH3-FAIL,FAIL_TIMEOUT,simulated(ground_truth)
gap2_threshold_3,3,TH3-FAIL,FAIL_TIMEOUT,simulated(ground_truth)
gap2_threshold_3,4,TH3-SUCCESS,SUCCESS,simulated(ground_truth)
gap2_all_fail,1,FAIL-A,FAIL_TIMEOUT,simulated(ground_truth)
gap2_all_fail,2,FAIL-A,FAIL_TIMEOUT,simulated(ground_truth)
gap2_all_fail,3,FAIL-B,FAIL_SYNTAX,simulated(ground_truth)
gap2_all_fail,4,FAIL-B,FAIL_SYNTAX,simulated(ground_truth)
gap2_all_fail,5,FAIL-C,FAIL_DEPENDENCY,simulated(ground_truth)
gap2_all_fail,6,FAIL-C,FAIL_DEPENDENCY,simulated(ground_truth)
gap2_immediate_success,1,OK-A,SUCCESS,simulated(ground_truth)
gap2_immediate_success,2,OK-B,SUCCESS,simulated(ground_truth)
combined_baseline,1,B,SUCCESS,simulated(ground_truth)
combined_baseline,2,A,FAIL_TIMEOUT,simulated(ground_truth)
combined_baseline,3,A,FAIL_TIMEOUT,simulated(ground_truth)
combined_baseline,4,C,FAIL_TIMEOUT,simulated(ground_truth)
combined_baseline,5,C,FAIL_TIMEOUT,simulated(ground_truth)
combined_treatment,1,B,SUCCESS,simulated(ground_truth)
combined_treatment,2,A,FAIL_TIMEOUT,simulated(ground_truth)
combined_treatment,3,A,FAIL_TIMEOUT,simulated(ground_truth)
combined_treatment,4,C,FAIL_TIMEOUT,simulated(ground_truth)
combined_treatment,5,C,FAIL_TIMEOUT,simulated(ground_truth)
