scenario,arm,rep,threshold,budget,ranking_order,attempt_sequence,total_attempts,failed_attempts,repeated_attempts,repeated_failed_attempts,wasted_attempts,unique_candidates_attempted,attempts_until_useful_success,useful_success_within_budget,pivot_count,abandonments,stop_reason,all_state_checks_pass
S0_immediate_success,no_pivot_retry,0,,4,S0-A|S0-B,S0-A#1:SUCCESS,1,0,0,0,0,1,1,True,0,,success,True
S0_immediate_success,no_pivot_retry,1,,4,S0-A|S0-B,S0-A#1:SUCCESS,1,0,0,0,0,1,1,True,0,,success,True
S0_immediate_success,no_pivot_retry,2,,4,S0-A|S0-B,S0-A#1:SUCCESS,1,0,0,0,0,1,1,True,0,,success,True
S0_immediate_success,threshold_T1,0,1,4,S0-A|S0-B,S0-A#1:SUCCESS,1,0,0,0,0,1,1,True,0,,success,True
S0_immediate_success,threshold_T1,1,1,4,S0-A|S0-B,S0-A#1:SUCCESS,1,0,0,0,0,1,1,True,0,,success,True
S0_immediate_success,threshold_T1,2,1,4,S0-A|S0-B,S0-A#1:SUCCESS,1,0,0,0,0,1,1,True,0,,success,True
S0_immediate_success,threshold_T2,0,2,4,S0-A|S0-B,S0-A#1:SUCCESS,1,0,0,0,0,1,1,True,0,,success,True
S0_immediate_success,threshold_T2,1,2,4,S0-A|S0-B,S0-A#1:SUCCESS,1,0,0,0,0,1,1,True,0,,success,True
S0_immediate_success,threshold_T2,2,2,4,S0-A|S0-B,S0-A#1:SUCCESS,1,0,0,0,0,1,1,True,0,,success,True
S0_immediate_success,threshold_T3,0,3,4,S0-A|S0-B,S0-A#1:SUCCESS,1,0,0,0,0,1,1,True,0,,success,True
S0_immediate_success,threshold_T3,1,3,4,S0-A|S0-B,S0-A#1:SUCCESS,1,0,0,0,0,1,1,True,0,,success,True
S0_immediate_success,threshold_T3,2,3,4,S0-A|S0-B,S0-A#1:SUCCESS,1,0,0,0,0,1,1,True,0,,success,True
S1_fail_then_success,no_pivot_retry,0,,6,S1-A|S1-B,S1-A#1:FAIL_TIMEOUT|S1-A#2:FAIL_TIMEOUT|S1-A#3:FAIL_TIMEOUT|S1-A#4:FAIL_TIMEOUT|S1-A#5:FAIL_TIMEOUT|S1-A#6:FAIL_TIMEOUT,6,6,5,5,6,1,,False,0,,budget,True
S1_fail_then_success,no_pivot_retry,1,,6,S1-A|S1-B,S1-A#1:FAIL_TIMEOUT|S1-A#2:FAIL_TIMEOUT|S1-A#3:FAIL_TIMEOUT|S1-A#4:FAIL_TIMEOUT|S1-A#5:FAIL_TIMEOUT|S1-A#6:FAIL_TIMEOUT,6,6,5,5,6,1,,False,0,,budget,True
S1_fail_then_success,no_pivot_retry,2,,6,S1-A|S1-B,S1-A#1:FAIL_TIMEOUT|S1-A#2:FAIL_TIMEOUT|S1-A#3:FAIL_TIMEOUT|S1-A#4:FAIL_TIMEOUT|S1-A#5:FAIL_TIMEOUT|S1-A#6:FAIL_TIMEOUT,6,6,5,5,6,1,,False,0,,budget,True
S1_fail_then_success,threshold_T1,0,1,6,S1-A|S1-B,S1-A#1:FAIL_TIMEOUT|S1-B#1:SUCCESS,2,1,0,0,1,2,2,True,1,S1-A:1,success,True
S1_fail_then_success,threshold_T1,1,1,6,S1-A|S1-B,S1-A#1:FAIL_TIMEOUT|S1-B#1:SUCCESS,2,1,0,0,1,2,2,True,1,S1-A:1,success,True
S1_fail_then_success,threshold_T1,2,1,6,S1-A|S1-B,S1-A#1:FAIL_TIMEOUT|S1-B#1:SUCCESS,2,1,0,0,1,2,2,True,1,S1-A:1,success,True
S1_fail_then_success,threshold_T2,0,2,6,S1-A|S1-B,S1-A#1:FAIL_TIMEOUT|S1-A#2:FAIL_TIMEOUT|S1-B#1:SUCCESS,3,2,1,1,2,2,3,True,1,S1-A:2,success,True
S1_fail_then_success,threshold_T2,1,2,6,S1-A|S1-B,S1-A#1:FAIL_TIMEOUT|S1-A#2:FAIL_TIMEOUT|S1-B#1:SUCCESS,3,2,1,1,2,2,3,True,1,S1-A:2,success,True
S1_fail_then_success,threshold_T2,2,2,6,S1-A|S1-B,S1-A#1:FAIL_TIMEOUT|S1-A#2:FAIL_TIMEOUT|S1-B#1:SUCCESS,3,2,1,1,2,2,3,True,1,S1-A:2,success,True
S1_fail_then_success,threshold_T3,0,3,6,S1-A|S1-B,S1-A#1:FAIL_TIMEOUT|S1-A#2:FAIL_TIMEOUT|S1-A#3:FAIL_TIMEOUT|S1-B#1:SUCCESS,4,3,2,2,3,2,4,True,1,S1-A:3,success,True
S1_fail_then_success,threshold_T3,1,3,6,S1-A|S1-B,S1-A#1:FAIL_TIMEOUT|S1-A#2:FAIL_TIMEOUT|S1-A#3:FAIL_TIMEOUT|S1-B#1:SUCCESS,4,3,2,2,3,2,4,True,1,S1-A:3,success,True
S1_fail_then_success,threshold_T3,2,3,6,S1-A|S1-B,S1-A#1:FAIL_TIMEOUT|S1-A#2:FAIL_TIMEOUT|S1-A#3:FAIL_TIMEOUT|S1-B#1:SUCCESS,4,3,2,2,3,2,4,True,1,S1-A:3,success,True
S2_flaky_then_success,no_pivot_retry,0,,8,S2-A|S2-B,S2-A#1:FAIL_TIMEOUT|S2-A#2:FAIL_TIMEOUT|S2-A#3:SUCCESS,3,2,2,1,2,1,3,True,0,,success,True
S2_flaky_then_success,no_pivot_retry,1,,8,S2-A|S2-B,S2-A#1:FAIL_TIMEOUT|S2-A#2:FAIL_TIMEOUT|S2-A#3:SUCCESS,3,2,2,1,2,1,3,True,0,,success,True
S2_flaky_then_success,no_pivot_retry,2,,8,S2-A|S2-B,S2-A#1:FAIL_TIMEOUT|S2-A#2:FAIL_TIMEOUT|S2-A#3:SUCCESS,3,2,2,1,2,1,3,True,0,,success,True
S2_flaky_then_success,threshold_T1,0,1,8,S2-A|S2-B,S2-A#1:FAIL_TIMEOUT|S2-B#1:SUCCESS,2,1,0,0,1,2,2,True,1,S2-A:1,success,True
S2_flaky_then_success,threshold_T1,1,1,8,S2-A|S2-B,S2-A#1:FAIL_TIMEOUT|S2-B#1:SUCCESS,2,1,0,0,1,2,2,True,1,S2-A:1,success,True
S2_flaky_then_success,threshold_T1,2,1,8,S2-A|S2-B,S2-A#1:FAIL_TIMEOUT|S2-B#1:SUCCESS,2,1,0,0,1,2,2,True,1,S2-A:1,success,True
S2_flaky_then_success,threshold_T2,0,2,8,S2-A|S2-B,S2-A#1:FAIL_TIMEOUT|S2-A#2:FAIL_TIMEOUT|S2-B#1:SUCCESS,3,2,1,1,2,2,3,True,1,S2-A:2,success,True
S2_flaky_then_success,threshold_T2,1,2,8,S2-A|S2-B,S2-A#1:FAIL_TIMEOUT|S2-A#2:FAIL_TIMEOUT|S2-B#1:SUCCESS,3,2,1,1,2,2,3,True,1,S2-A:2,success,True
S2_flaky_then_success,threshold_T2,2,2,8,S2-A|S2-B,S2-A#1:FAIL_TIMEOUT|S2-A#2:FAIL_TIMEOUT|S2-B#1:SUCCESS,3,2,1,1,2,2,3,True,1,S2-A:2,success,True
S2_flaky_then_success,threshold_T3,0,3,8,S2-A|S2-B,S2-A#1:FAIL_TIMEOUT|S2-A#2:FAIL_TIMEOUT|S2-A#3:SUCCESS,3,2,2,1,2,1,3,True,0,,success,True
S2_flaky_then_success,threshold_T3,1,3,8,S2-A|S2-B,S2-A#1:FAIL_TIMEOUT|S2-A#2:FAIL_TIMEOUT|S2-A#3:SUCCESS,3,2,2,1,2,1,3,True,0,,success,True
S2_flaky_then_success,threshold_T3,2,3,8,S2-A|S2-B,S2-A#1:FAIL_TIMEOUT|S2-A#2:FAIL_TIMEOUT|S2-A#3:SUCCESS,3,2,2,1,2,1,3,True,0,,success,True
S3_early_recovery,no_pivot_retry,0,,6,S3-A|S3-B,S3-A#1:FAIL_TIMEOUT|S3-A#2:SUCCESS,2,1,1,0,1,1,2,True,0,,success,True
S3_early_recovery,no_pivot_retry,1,,6,S3-A|S3-B,S3-A#1:FAIL_TIMEOUT|S3-A#2:SUCCESS,2,1,1,0,1,1,2,True,0,,success,True
S3_early_recovery,no_pivot_retry,2,,6,S3-A|S3-B,S3-A#1:FAIL_TIMEOUT|S3-A#2:SUCCESS,2,1,1,0,1,1,2,True,0,,success,True
S3_early_recovery,threshold_T1,0,1,6,S3-A|S3-B,S3-A#1:FAIL_TIMEOUT|S3-B#1:SUCCESS,2,1,0,0,1,2,2,True,1,S3-A:1,success,True
S3_early_recovery,threshold_T1,1,1,6,S3-A|S3-B,S3-A#1:FAIL_TIMEOUT|S3-B#1:SUCCESS,2,1,0,0,1,2,2,True,1,S3-A:1,success,True
S3_early_recovery,threshold_T1,2,1,6,S3-A|S3-B,S3-A#1:FAIL_TIMEOUT|S3-B#1:SUCCESS,2,1,0,0,1,2,2,True,1,S3-A:1,success,True
S3_early_recovery,threshold_T2,0,2,6,S3-A|S3-B,S3-A#1:FAIL_TIMEOUT|S3-A#2:SUCCESS,2,1,1,0,1,1,2,True,0,,success,True
S3_early_recovery,threshold_T2,1,2,6,S3-A|S3-B,S3-A#1:FAIL_TIMEOUT|S3-A#2:SUCCESS,2,1,1,0,1,1,2,True,0,,success,True
S3_early_recovery,threshold_T2,2,2,6,S3-A|S3-B,S3-A#1:FAIL_TIMEOUT|S3-A#2:SUCCESS,2,1,1,0,1,1,2,True,0,,success,True
S3_early_recovery,threshold_T3,0,3,6,S3-A|S3-B,S3-A#1:FAIL_TIMEOUT|S3-A#2:SUCCESS,2,1,1,0,1,1,2,True,0,,success,True
S3_early_recovery,threshold_T3,1,3,6,S3-A|S3-B,S3-A#1:FAIL_TIMEOUT|S3-A#2:SUCCESS,2,1,1,0,1,1,2,True,0,,success,True
S3_early_recovery,threshold_T3,2,3,6,S3-A|S3-B,S3-A#1:FAIL_TIMEOUT|S3-A#2:SUCCESS,2,1,1,0,1,1,2,True,0,,success,True
S4_multi_fail,no_pivot_retry,0,,9,S4-A|S4-B|S4-C,S4-A#1:FAIL_TIMEOUT|S4-A#2:FAIL_TIMEOUT|S4-A#3:FAIL_TIMEOUT|S4-A#4:FAIL_TIMEOUT|S4-A#5:FAIL_TIMEOUT|S4-A#6:FAIL_TIMEOUT|S4-A#7:FAIL_TIMEOUT|S4-A#8:FAIL_TIMEOUT|S4-A#9:FAIL_TIMEOUT,9,9,8,8,9,1,,False,0,,budget,True
S4_multi_fail,no_pivot_retry,1,,9,S4-A|S4-B|S4-C,S4-A#1:FAIL_TIMEOUT|S4-A#2:FAIL_TIMEOUT|S4-A#3:FAIL_TIMEOUT|S4-A#4:FAIL_TIMEOUT|S4-A#5:FAIL_TIMEOUT|S4-A#6:FAIL_TIMEOUT|S4-A#7:FAIL_TIMEOUT|S4-A#8:FAIL_TIMEOUT|S4-A#9:FAIL_TIMEOUT,9,9,8,8,9,1,,False,0,,budget,True
S4_multi_fail,no_pivot_retry,2,,9,S4-A|S4-B|S4-C,S4-A#1:FAIL_TIMEOUT|S4-A#2:FAIL_TIMEOUT|S4-A#3:FAIL_TIMEOUT|S4-A#4:FAIL_TIMEOUT|S4-A#5:FAIL_TIMEOUT|S4-A#6:FAIL_TIMEOUT|S4-A#7:FAIL_TIMEOUT|S4-A#8:FAIL_TIMEOUT|S4-A#9:FAIL_TIMEOUT,9,9,8,8,9,1,,False,0,,budget,True
S4_multi_fail,threshold_T1,0,1,9,S4-A|S4-B|S4-C,S4-A#1:FAIL_TIMEOUT|S4-B#1:FAIL_SYNTAX|S4-C#1:SUCCESS,3,2,0,0,2,3,3,True,2,S4-A:1|S4-B:1,success,True
S4_multi_fail,threshold_T1,1,1,9,S4-A|S4-B|S4-C,S4-A#1:FAIL_TIMEOUT|S4-B#1:FAIL_SYNTAX|S4-C#1:SUCCESS,3,2,0,0,2,3,3,True,2,S4-A:1|S4-B:1,success,True
S4_multi_fail,threshold_T1,2,1,9,S4-A|S4-B|S4-C,S4-A#1:FAIL_TIMEOUT|S4-B#1:FAIL_SYNTAX|S4-C#1:SUCCESS,3,2,0,0,2,3,3,True,2,S4-A:1|S4-B:1,success,True
S4_multi_fail,threshold_T2,0,2,9,S4-A|S4-B|S4-C,S4-A#1:FAIL_TIMEOUT|S4-A#2:FAIL_TIMEOUT|S4-B#1:FAIL_SYNTAX|S4-B#2:FAIL_SYNTAX|S4-C#1:SUCCESS,5,4,2,2,4,3,5,True,2,S4-A:2|S4-B:2,success,True
S4_multi_fail,threshold_T2,1,2,9,S4-A|S4-B|S4-C,S4-A#1:FAIL_TIMEOUT|S4-A#2:FAIL_TIMEOUT|S4-B#1:FAIL_SYNTAX|S4-B#2:FAIL_SYNTAX|S4-C#1:SUCCESS,5,4,2,2,4,3,5,True,2,S4-A:2|S4-B:2,success,True
S4_multi_fail,threshold_T2,2,2,9,S4-A|S4-B|S4-C,S4-A#1:FAIL_TIMEOUT|S4-A#2:FAIL_TIMEOUT|S4-B#1:FAIL_SYNTAX|S4-B#2:FAIL_SYNTAX|S4-C#1:SUCCESS,5,4,2,2,4,3,5,True,2,S4-A:2|S4-B:2,success,True
S4_multi_fail,threshold_T3,0,3,9,S4-A|S4-B|S4-C,S4-A#1:FAIL_TIMEOUT|S4-A#2:FAIL_TIMEOUT|S4-A#3:FAIL_TIMEOUT|S4-B#1:FAIL_SYNTAX|S4-B#2:FAIL_SYNTAX|S4-B#3:FAIL_SYNTAX|S4-C#1:SUCCESS,7,6,4,4,6,3,7,True,2,S4-A:3|S4-B:3,success,True
S4_multi_fail,threshold_T3,1,3,9,S4-A|S4-B|S4-C,S4-A#1:FAIL_TIMEOUT|S4-A#2:FAIL_TIMEOUT|S4-A#3:FAIL_TIMEOUT|S4-B#1:FAIL_SYNTAX|S4-B#2:FAIL_SYNTAX|S4-B#3:FAIL_SYNTAX|S4-C#1:SUCCESS,7,6,4,4,6,3,7,True,2,S4-A:3|S4-B:3,success,True
S4_multi_fail,threshold_T3,2,3,9,S4-A|S4-B|S4-C,S4-A#1:FAIL_TIMEOUT|S4-A#2:FAIL_TIMEOUT|S4-A#3:FAIL_TIMEOUT|S4-B#1:FAIL_SYNTAX|S4-B#2:FAIL_SYNTAX|S4-B#3:FAIL_SYNTAX|S4-C#1:SUCCESS,7,6,4,4,6,3,7,True,2,S4-A:3|S4-B:3,success,True
S5_all_fail,no_pivot_retry,0,,12,S5-A|S5-B|S5-C,S5-A#1:FAIL_TIMEOUT|S5-A#2:FAIL_TIMEOUT|S5-A#3:FAIL_TIMEOUT|S5-A#4:FAIL_TIMEOUT|S5-A#5:FAIL_TIMEOUT|S5-A#6:FAIL_TIMEOUT|S5-A#7:FAIL_TIMEOUT|S5-A#8:FAIL_TIMEOUT|S5-A#9:FAIL_TIMEOUT|S5-A#10:FAIL_TIMEOUT|S5-A#11:FAIL_TIMEOUT|S5-A#12:FAIL_TIMEOUT,12,12,11,11,12,1,,False,0,,budget,True
S5_all_fail,no_pivot_retry,1,,12,S5-A|S5-B|S5-C,S5-A#1:FAIL_TIMEOUT|S5-A#2:FAIL_TIMEOUT|S5-A#3:FAIL_TIMEOUT|S5-A#4:FAIL_TIMEOUT|S5-A#5:FAIL_TIMEOUT|S5-A#6:FAIL_TIMEOUT|S5-A#7:FAIL_TIMEOUT|S5-A#8:FAIL_TIMEOUT|S5-A#9:FAIL_TIMEOUT|S5-A#10:FAIL_TIMEOUT|S5-A#11:FAIL_TIMEOUT|S5-A#12:FAIL_TIMEOUT,12,12,11,11,12,1,,False,0,,budget,True
S5_all_fail,no_pivot_retry,2,,12,S5-A|S5-B|S5-C,S5-A#1:FAIL_TIMEOUT|S5-A#2:FAIL_TIMEOUT|S5-A#3:FAIL_TIMEOUT|S5-A#4:FAIL_TIMEOUT|S5-A#5:FAIL_TIMEOUT|S5-A#6:FAIL_TIMEOUT|S5-A#7:FAIL_TIMEOUT|S5-A#8:FAIL_TIMEOUT|S5-A#9:FAIL_TIMEOUT|S5-A#10:FAIL_TIMEOUT|S5-A#11:FAIL_TIMEOUT|S5-A#12:FAIL_TIMEOUT,12,12,11,11,12,1,,False,0,,budget,True
S5_all_fail,threshold_T1,0,1,12,S5-A|S5-B|S5-C,S5-A#1:FAIL_TIMEOUT|S5-B#1:FAIL_SYNTAX|S5-C#1:FAIL_DEPENDENCY,3,3,0,0,3,3,,False,2,S5-A:1|S5-B:1|S5-C:1,exhausted,True
S5_all_fail,threshold_T1,1,1,12,S5-A|S5-B|S5-C,S5-A#1:FAIL_TIMEOUT|S5-B#1:FAIL_SYNTAX|S5-C#1:FAIL_DEPENDENCY,3,3,0,0,3,3,,False,2,S5-A:1|S5-B:1|S5-C:1,exhausted,True
S5_all_fail,threshold_T1,2,1,12,S5-A|S5-B|S5-C,S5-A#1:FAIL_TIMEOUT|S5-B#1:FAIL_SYNTAX|S5-C#1:FAIL_DEPENDENCY,3,3,0,0,3,3,,False,2,S5-A:1|S5-B:1|S5-C:1,exhausted,True
S5_all_fail,threshold_T2,0,2,12,S5-A|S5-B|S5-C,S5-A#1:FAIL_TIMEOUT|S5-A#2:FAIL_TIMEOUT|S5-B#1:FAIL_SYNTAX|S5-B#2:FAIL_SYNTAX|S5-C#1:FAIL_DEPENDENCY|S5-C#2:FAIL_DEPENDENCY,6,6,3,3,6,3,,False,2,S5-A:2|S5-B:2|S5-C:2,exhausted,True
S5_all_fail,threshold_T2,1,2,12,S5-A|S5-B|S5-C,S5-A#1:FAIL_TIMEOUT|S5-A#2:FAIL_TIMEOUT|S5-B#1:FAIL_SYNTAX|S5-B#2:FAIL_SYNTAX|S5-C#1:FAIL_DEPENDENCY|S5-C#2:FAIL_DEPENDENCY,6,6,3,3,6,3,,False,2,S5-A:2|S5-B:2|S5-C:2,exhausted,True
S5_all_fail,threshold_T2,2,2,12,S5-A|S5-B|S5-C,S5-A#1:FAIL_TIMEOUT|S5-A#2:FAIL_TIMEOUT|S5-B#1:FAIL_SYNTAX|S5-B#2:FAIL_SYNTAX|S5-C#1:FAIL_DEPENDENCY|S5-C#2:FAIL_DEPENDENCY,6,6,3,3,6,3,,False,2,S5-A:2|S5-B:2|S5-C:2,exhausted,True
S5_all_fail,threshold_T3,0,3,12,S5-A|S5-B|S5-C,S5-A#1:FAIL_TIMEOUT|S5-A#2:FAIL_TIMEOUT|S5-A#3:FAIL_TIMEOUT|S5-B#1:FAIL_SYNTAX|S5-B#2:FAIL_SYNTAX|S5-B#3:FAIL_SYNTAX|S5-C#1:FAIL_DEPENDENCY|S5-C#2:FAIL_DEPENDENCY|S5-C#3:FAIL_DEPENDENCY,9,9,6,6,9,3,,False,2,S5-A:3|S5-B:3|S5-C:3,exhausted,True
S5_all_fail,threshold_T3,1,3,12,S5-A|S5-B|S5-C,S5-A#1:FAIL_TIMEOUT|S5-A#2:FAIL_TIMEOUT|S5-A#3:FAIL_TIMEOUT|S5-B#1:FAIL_SYNTAX|S5-B#2:FAIL_SYNTAX|S5-B#3:FAIL_SYNTAX|S5-C#1:FAIL_DEPENDENCY|S5-C#2:FAIL_DEPENDENCY|S5-C#3:FAIL_DEPENDENCY,9,9,6,6,9,3,,False,2,S5-A:3|S5-B:3|S5-C:3,exhausted,True
S5_all_fail,threshold_T3,2,3,12,S5-A|S5-B|S5-C,S5-A#1:FAIL_TIMEOUT|S5-A#2:FAIL_TIMEOUT|S5-A#3:FAIL_TIMEOUT|S5-B#1:FAIL_SYNTAX|S5-B#2:FAIL_SYNTAX|S5-B#3:FAIL_SYNTAX|S5-C#1:FAIL_DEPENDENCY|S5-C#2:FAIL_DEPENDENCY|S5-C#3:FAIL_DEPENDENCY,9,9,6,6,9,3,,False,2,S5-A:3|S5-B:3|S5-C:3,exhausted,True
S6_late_success,no_pivot_retry,0,,12,S6-A|S6-B|S6-C|S6-D,S6-A#1:FAIL_TIMEOUT|S6-A#2:FAIL_TIMEOUT|S6-A#3:FAIL_TIMEOUT|S6-A#4:FAIL_TIMEOUT|S6-A#5:FAIL_TIMEOUT|S6-A#6:FAIL_TIMEOUT|S6-A#7:FAIL_TIMEOUT|S6-A#8:FAIL_TIMEOUT|S6-A#9:FAIL_TIMEOUT|S6-A#10:FAIL_TIMEOUT|S6-A#11:FAIL_TIMEOUT|S6-A#12:FAIL_TIMEOUT,12,12,11,11,12,1,,False,0,,budget,True
S6_late_success,no_pivot_retry,1,,12,S6-A|S6-B|S6-C|S6-D,S6-A#1:FAIL_TIMEOUT|S6-A#2:FAIL_TIMEOUT|S6-A#3:FAIL_TIMEOUT|S6-A#4:FAIL_TIMEOUT|S6-A#5:FAIL_TIMEOUT|S6-A#6:FAIL_TIMEOUT|S6-A#7:FAIL_TIMEOUT|S6-A#8:FAIL_TIMEOUT|S6-A#9:FAIL_TIMEOUT|S6-A#10:FAIL_TIMEOUT|S6-A#11:FAIL_TIMEOUT|S6-A#12:FAIL_TIMEOUT,12,12,11,11,12,1,,False,0,,budget,True
S6_late_success,no_pivot_retry,2,,12,S6-A|S6-B|S6-C|S6-D,S6-A#1:FAIL_TIMEOUT|S6-A#2:FAIL_TIMEOUT|S6-A#3:FAIL_TIMEOUT|S6-A#4:FAIL_TIMEOUT|S6-A#5:FAIL_TIMEOUT|S6-A#6:FAIL_TIMEOUT|S6-A#7:FAIL_TIMEOUT|S6-A#8:FAIL_TIMEOUT|S6-A#9:FAIL_TIMEOUT|S6-A#10:FAIL_TIMEOUT|S6-A#11:FAIL_TIMEOUT|S6-A#12:FAIL_TIMEOUT,12,12,11,11,12,1,,False,0,,budget,True
S6_late_success,threshold_T1,0,1,12,S6-A|S6-B|S6-C|S6-D,S6-A#1:FAIL_TIMEOUT|S6-B#1:FAIL_DEPENDENCY|S6-C#1:SUCCESS,3,2,0,0,2,3,3,True,2,S6-A:1|S6-B:1,success,True
S6_late_success,threshold_T1,1,1,12,S6-A|S6-B|S6-C|S6-D,S6-A#1:FAIL_TIMEOUT|S6-B#1:FAIL_DEPENDENCY|S6-C#1:SUCCESS,3,2,0,0,2,3,3,True,2,S6-A:1|S6-B:1,success,True
S6_late_success,threshold_T1,2,1,12,S6-A|S6-B|S6-C|S6-D,S6-A#1:FAIL_TIMEOUT|S6-B#1:FAIL_DEPENDENCY|S6-C#1:SUCCESS,3,2,0,0,2,3,3,True,2,S6-A:1|S6-B:1,success,True
S6_late_success,threshold_T2,0,2,12,S6-A|S6-B|S6-C|S6-D,S6-A#1:FAIL_TIMEOUT|S6-A#2:FAIL_TIMEOUT|S6-B#1:FAIL_DEPENDENCY|S6-B#2:FAIL_DEPENDENCY|S6-C#1:SUCCESS,5,4,2,2,4,3,5,True,2,S6-A:2|S6-B:2,success,True
S6_late_success,threshold_T2,1,2,12,S6-A|S6-B|S6-C|S6-D,S6-A#1:FAIL_TIMEOUT|S6-A#2:FAIL_TIMEOUT|S6-B#1:FAIL_DEPENDENCY|S6-B#2:FAIL_DEPENDENCY|S6-C#1:SUCCESS,5,4,2,2,4,3,5,True,2,S6-A:2|S6-B:2,success,True
S6_late_success,threshold_T2,2,2,12,S6-A|S6-B|S6-C|S6-D,S6-A#1:FAIL_TIMEOUT|S6-A#2:FAIL_TIMEOUT|S6-B#1:FAIL_DEPENDENCY|S6-B#2:FAIL_DEPENDENCY|S6-C#1:SUCCESS,5,4,2,2,4,3,5,True,2,S6-A:2|S6-B:2,success,True
S6_late_success,threshold_T3,0,3,12,S6-A|S6-B|S6-C|S6-D,S6-A#1:FAIL_TIMEOUT|S6-A#2:FAIL_TIMEOUT|S6-A#3:FAIL_TIMEOUT|S6-B#1:FAIL_DEPENDENCY|S6-B#2:FAIL_DEPENDENCY|S6-B#3:FAIL_DEPENDENCY|S6-C#1:SUCCESS,7,6,4,4,6,3,7,True,2,S6-A:3|S6-B:3,success,True
S6_late_success,threshold_T3,1,3,12,S6-A|S6-B|S6-C|S6-D,S6-A#1:FAIL_TIMEOUT|S6-A#2:FAIL_TIMEOUT|S6-A#3:FAIL_TIMEOUT|S6-B#1:FAIL_DEPENDENCY|S6-B#2:FAIL_DEPENDENCY|S6-B#3:FAIL_DEPENDENCY|S6-C#1:SUCCESS,7,6,4,4,6,3,7,True,2,S6-A:3|S6-B:3,success,True
S6_late_success,threshold_T3,2,3,12,S6-A|S6-B|S6-C|S6-D,S6-A#1:FAIL_TIMEOUT|S6-A#2:FAIL_TIMEOUT|S6-A#3:FAIL_TIMEOUT|S6-B#1:FAIL_DEPENDENCY|S6-B#2:FAIL_DEPENDENCY|S6-B#3:FAIL_DEPENDENCY|S6-C#1:SUCCESS,7,6,4,4,6,3,7,True,2,S6-A:3|S6-B:3,success,True
S7_budget_interaction,no_pivot_retry,0,,4,S7-A|S7-B|S7-C,S7-A#1:FAIL_TIMEOUT|S7-A#2:FAIL_TIMEOUT|S7-A#3:FAIL_TIMEOUT|S7-A#4:FAIL_TIMEOUT,4,4,3,3,4,1,,False,0,,budget,True
S7_budget_interaction,no_pivot_retry,1,,4,S7-A|S7-B|S7-C,S7-A#1:FAIL_TIMEOUT|S7-A#2:FAIL_TIMEOUT|S7-A#3:FAIL_TIMEOUT|S7-A#4:FAIL_TIMEOUT,4,4,3,3,4,1,,False,0,,budget,True
S7_budget_interaction,no_pivot_retry,2,,4,S7-A|S7-B|S7-C,S7-A#1:FAIL_TIMEOUT|S7-A#2:FAIL_TIMEOUT|S7-A#3:FAIL_TIMEOUT|S7-A#4:FAIL_TIMEOUT,4,4,3,3,4,1,,False,0,,budget,True
S7_budget_interaction,threshold_T1,0,1,4,S7-A|S7-B|S7-C,S7-A#1:FAIL_TIMEOUT|S7-B#1:FAIL_SYNTAX|S7-C#1:SUCCESS,3,2,0,0,2,3,3,True,2,S7-A:1|S7-B:1,success,True
S7_budget_interaction,threshold_T1,1,1,4,S7-A|S7-B|S7-C,S7-A#1:FAIL_TIMEOUT|S7-B#1:FAIL_SYNTAX|S7-C#1:SUCCESS,3,2,0,0,2,3,3,True,2,S7-A:1|S7-B:1,success,True
S7_budget_interaction,threshold_T1,2,1,4,S7-A|S7-B|S7-C,S7-A#1:FAIL_TIMEOUT|S7-B#1:FAIL_SYNTAX|S7-C#1:SUCCESS,3,2,0,0,2,3,3,True,2,S7-A:1|S7-B:1,success,True
S7_budget_interaction,threshold_T2,0,2,4,S7-A|S7-B|S7-C,S7-A#1:FAIL_TIMEOUT|S7-A#2:FAIL_TIMEOUT|S7-B#1:FAIL_SYNTAX|S7-B#2:FAIL_SYNTAX,4,4,2,2,4,2,,False,2,S7-A:2|S7-B:2,budget,True
S7_budget_interaction,threshold_T2,1,2,4,S7-A|S7-B|S7-C,S7-A#1:FAIL_TIMEOUT|S7-A#2:FAIL_TIMEOUT|S7-B#1:FAIL_SYNTAX|S7-B#2:FAIL_SYNTAX,4,4,2,2,4,2,,False,2,S7-A:2|S7-B:2,budget,True
S7_budget_interaction,threshold_T2,2,2,4,S7-A|S7-B|S7-C,S7-A#1:FAIL_TIMEOUT|S7-A#2:FAIL_TIMEOUT|S7-B#1:FAIL_SYNTAX|S7-B#2:FAIL_SYNTAX,4,4,2,2,4,2,,False,2,S7-A:2|S7-B:2,budget,True
S7_budget_interaction,threshold_T3,0,3,4,S7-A|S7-B|S7-C,S7-A#1:FAIL_TIMEOUT|S7-A#2:FAIL_TIMEOUT|S7-A#3:FAIL_TIMEOUT|S7-B#1:FAIL_SYNTAX,4,4,2,2,4,2,,False,1,S7-A:3,budget,True
S7_budget_interaction,threshold_T3,1,3,4,S7-A|S7-B|S7-C,S7-A#1:FAIL_TIMEOUT|S7-A#2:FAIL_TIMEOUT|S7-A#3:FAIL_TIMEOUT|S7-B#1:FAIL_SYNTAX,4,4,2,2,4,2,,False,1,S7-A:3,budget,True
S7_budget_interaction,threshold_T3,2,3,4,S7-A|S7-B|S7-C,S7-A#1:FAIL_TIMEOUT|S7-A#2:FAIL_TIMEOUT|S7-A#3:FAIL_TIMEOUT|S7-B#1:FAIL_SYNTAX,4,4,2,2,4,2,,False,1,S7-A:3,budget,True
